Nom;Quantité;Type;Photo;Pays;Pays_code;Description
Heineken;36;Bière;heineken.jpg;Pays-Bas;NL;Fondée en 1864 à Amsterdam (Pays-Bas) par Gerard Adriaan Heineken, qui racheta la brasserie De Hooiberg. Devenue l'une des marques de bière les plus vendues au monde.
Heineken originale;1;Bière;heineken_original.jpg;Pays-Bas;NL;Version emblématique de la lager Heineken, brassée depuis 1864 à Amsterdam selon la recette originale, notamment grâce à la levure « A-yeast » développée en 1886.
Leffe;8;Bière;leffe_original.jpg;Belgique;BE;Bière d'abbaye dont l'histoire remonte à 1240, quand les chanoines de l'abbaye Notre-Dame de Leffe (fondée en 1152 à Dinant, Belgique) commencèrent à brasser. La production commerciale moderne reprend en 1952, aujourd'hui brassée à Louvain par AB InBev.
Leffe 0.0%;1;Bière;leffe_zero.jpg;Belgique;BE;Version sans alcool de la Leffe Blonde, lancée en 2019-2020 à Louvain (Belgique) par AB InBev, dans la lignée des bières sans alcool inspirées de l'abbaye Notre-Dame de Leffe fondée en 1152 à Dinant.
Grimbergen;7;Bière;grimbergen_original.jpg;Belgique;BE;Bière d'abbaye dont les origines remontent à l'abbaye de Grimbergen (Belgique), fondée en 1128. Commercialisée modernement depuis 1958 en partenariat avec la brasserie Maes, aujourd'hui produite par le groupe Carlsberg.
Grimbergen fruits rouges;4;Bière;grimbergen_rouge.jpg;Belgique;BE;Variante fruitée aux arômes de fraise, canneberge et sureau, inspirée de la tradition brassicole de l'abbaye de Grimbergen fondée en 1128 en Belgique. Brassée par Alken-Maes (groupe Carlsberg).
Grimbergen cerise;9;Bière;grimbergen_cerise.jpg;Belgique;BE;Bière d'abbaye aromatisée à la cerise, issue de la tradition de l'abbaye de Grimbergen (fondée en 1128), brassée par Alken-Maes dans le cadre de la gamme fruitée Grimbergen.
Budweiser;8;Bière;bud_original.jpg;États-Unis;US;Lager américaine lancée en 1876 à Saint-Louis (Missouri) par Adolphus Busch et Carl Conrad au sein de la brasserie Anheuser-Busch, fondée en 1852. Aujourd'hui propriété d'AB InBev.
Budweiser newsletter;3;Bière;budweiser_edition_newsletter.jpg;États-Unis;US;Lager américaine lancée en 1876 à Saint-Louis (Missouri) par Adolphus Busch et Carl Conrad au sein de la brasserie Anheuser-Busch, fondée en 1852. Aujourd'hui propriété d'AB InBev. Édition newsletter QR Code.
San Miguel;3;Bière;san_miguel.jpg;Espagne;ES;Créée le 29 septembre 1890 à Manille (Philippines) par Enrique María Barretto sous le nom La Fábrica de Cerveza San Miguel, première brasserie d'Asie du Sud-Est. Produite en Espagne depuis 1957 à Lérida, au sein du groupe Mahou-San Miguel.
La Muette;4;Bière;la_muette.jpg;France;FR;Bière artisanale française. Nom faisant référence à un château ou un lieu local. Brasserie indépendante française (informations détaillées non disponibles publiquement).
El Aguila;5;Bière;el_alguila.jpg;Espagne;ES;Fondée le 9 mai 1900 à Madrid (Espagne) par Augusto Comas y Blanco, commercialisée à partir du 1er avril 1903. Relancée en 2019 par le groupe Heineken après des années d'absence du marché.
Mélusine;2;Bière;melusine.jpg;France;FR;Brasserie artisanale française dont le nom évoque la fée Mélusine du folklore poitevin. Produite dans l'ouest de la France (Nouvelle-Aquitaine), marque indépendante.
Chouffe;2;Bière;chouffe_original.jpg;Belgique;BE;Bière blonde belge (8% ABV) créée le 27 août 1982 par Pierre Gobron et Chris Bauweraerts dans le village d'Achouffe (Ardennes belges). Première microbrasserie artisanale légale en Belgique, aujourd'hui propriété de Duvel Moortgat.
Chouffe rouge;2;Bière;chouffe_rouge.jpg;Belgique;BE;Variante rouge de la gamme Chouffe de la Brasserie d'Achouffe, fondée en 1982 dans le village d'Achouffe (Belgique) par Pierre Gobron et Chris Bauweraerts, dans les Ardennes belges.
Desperados Violette;2;Bière;desperados_violette.jpg;France;FR;Variante de la gamme Desperados, lager aromatisée à la tequila créée en 1995 par la Brasserie Fischer à Schiltigheim (Alsace, France), achetée par Heineken en 1996.
Desperados Bleue;2;Bière;desperados_bleue.jpg;France;FR;Variante de la gamme Desperados, lager aromatisée originellement à la tequila, créée en 1995 par la Brasserie Fischer à Schiltigheim (Alsace, France), aujourd'hui propriété de Heineken.
Desperados Sunlight;1;Bière;desperados_sunlight.jpg;France;FR;Variante estivale de la gamme Desperados, fondée en 1995 par la Brasserie Fischer à Schiltigheim (Alsace, France), première bière aromatisée à la tequila au monde, désormais produite par Heineken.
Gouyasse;1;Bière;gouyasse.jpg;Belgique;BE;Bière belge artisanale dont le nom fait référence aux géants (Gouyasse = Goliath) des processions folkloriques belges. Brasserie locale belge.
Sol;1;Bière;sol.jpg;Mexique;MX;Lager mexicaine brassée depuis 1899 à Orizaba (Veracruz, Mexique) dans la brasserie El Salto del Agua. La légende raconte qu'un rayon de soleil inspira son nom lors de la première mise en bouteille. Aujourd'hui propriété de Heineken.
Coors;1;Bière;coors.jpg;États-Unis;US;Brassée depuis 1873 à Golden (Colorado, États-Unis) par Adolph Coors et Jacob Schueler. Connue pour utiliser l'eau de source des Rocheuses, aujourd'hui filiale de Molson Coors.
Miller;1;Bière;miller.jpg;États-Unis;US;Fondée en 1855 à Milwaukee (Wisconsin, États-Unis) par l'immigrant allemand Frederick Miller, qui racheta la Plank Road Brewery. Aujourd'hui propriété de Molson Coors.
Vedett IPA;1;Bière;extra_vedett_ipa.jpg;Belgique;BE;India Pale Ale belge de la Brasserie Duvel Moortgat, fondée en 1871 à Puurs-Breendonk (Belgique). La gamme Vedett existe depuis 1945, la version IPA a été lancée vers 2014.
Smirnoff;1;Bière;smirnoff.jpg;Russe;RU;Bien que Smirnoff soit principalement connu comme une vodka russe fondée à Moscou en 1864 par Piotr Arsenievitch Smirnov, la référence ici est une bière de marque Smirnoff Ice. 
Beck’s;1;Bière;becks.jpg;Allemagne;DE;Bière brassée depuis le 27 juin 1873 à Brême (Allemagne) par Heinrich Beck, Lüder Rutenberg et Thomas May sous le nom Kaiser-Brauerei Beck & May. Aujourd'hui propriété d'AB InBev.
Bière des amis;1;Bière;biere_des_amis.jpg;Belgique;BE;Bière belge conviviale, produite par une brasserie indépendante belge. Le nom évoque la tradition de partage propre à la culture brassicole belge.
Monte Carlo Beer Blanche;1;Bière;monte_carlo_blanche.jpg;Monaco;MC;Bière produite à Monaco, principalement connue pour son origine monégasque et son positionnement premium lié à l'image de la Principauté.
Monte Carlo Beer Rouge;1;Bière;monte_carlo_rouge.jpg;Monaco;MC;Bière produite à Monaco, principalement connue pour son origine monégasque et son positionnement premium lié à l'image de la Principauté.
Peroni ;1;Bière;peroni.jpg;Italie;IT;Fondée en 1846 par Francesco Peroni à Vigevano (Lombardie, Italie). Déplacée à Rome en 1864 par son fils Giovanni. Connue pour son Nastro Azzurro lancé en 1963. Aujourd'hui propriété d'Asahi Breweries.
Trappist Westmale extra;1;Bière;trappist_westmale_extra.jpg;Belgique;BE;Bière trappiste brassée depuis le 1er août 1836 par les moines de l'abbaye de Westmalle (province d'Anvers, Belgique). Première abbaye trappiste à brasser de la bière, la Tripel a été créée en 1934.
Pilsner Urquell (PLZEN);1;Bière;pilsner_urquell.jpg;République Tchèque;CZ;Première lager dorée au monde, brassée le 5 octobre 1842 à Plzeň (Bohême, République tchèque) par le brasseur bavarois Josef Groll. Origine du style Pilsner, aujourd’hui propriété d'Asahi.
Brewdog Wingman noire;1;Bière;brewdog_wingman.jpg;Écosse;SCO;Bière de la gamme BrewDog, fondée en 2007 à Fraserburgh (Aberdeenshire, Écosse) par James Watt et Martin Dickie. La Wingman a été lancée lors d'une année notable de la brasserie.
La débauche;1;Bière;la_debauche.jpg;France;FR;Brasserie artisanale française. La Débauche a été fondée en juillet 2013, à Angoulême. Actuellement, elle ne dénombre pas moins de 350 recettes réalisées.
Gouden Carolus noire;1;Bière;gouden_carolus_noire.jpg;Belgique;BE;Bière de la Brasserie Het Anker à Malines (Belgique), fondée en 1471. La gamme Gouden Carolus, lancée commercialement en 1959, rend hommage à l'Empereur Charles Quint, élevé à Malines.
Averbode ;1;Bière;averbode.jpg;Belgique;BE;Bière d'abbaye relancée en 2014 par les chanoines de l'Abbaye d'Averbode (fondée vers 1134 à Scherpenheuvel-Zichem, Belgique), brassée en partenariat avec la Brasserie Huyghe. L'abbaye brassait de la bière du XIVe siècle jusqu'en 1917.
La mordue;5;Cidre;la_mordue.jpg;France;FR;Cidre artisanal français, produit à partir de pommes exclusivement françaises par une coopérative : Agrial. Environ 5 pommes par bouteilles.
Boylan;1;Soda;boylan.jpg;États-Unis;US;Boylan est une marque américaine de sodas artisanaux fondée en 1891 à Paterson (New Jersey, États-Unis) par William Boylan, pharmacien.
L’excuse;1;Bière;lexcuse_mauvezin.jpg;France;FR;Bière artisanale produite dans le Gers (Occitanie, France), dans la région de Mauvezin. Brasserie locale ou microbrasserie du terroir gascon.
Birra Moretti bronze;1;Bière;birra_moretti_bronze.jpg;Italie;IT;Variante de la gamme Birra Moretti, fondée en 1859 à Udine (Frioul, Italie) par Luigi Moretti, aujourd’hui produite par Heineken.
Ninkasi Blanche;1;Bière;ninkasi_blanche_turquoise.jpg;France;FR;Bière blanche de la Brasserie Ninkasi, fondée en 1997 à Lyon (quartier de Gerland) par Christophe Fargier, inspiré par les microbrasseries américaines. Brassée à Tarare (Rhône) depuis 2012.
Perlembourg 0.0%;2;Bière;perlembourg_zero.jpg;France;FR;Bière sans alcool française de la marque Perlembourg, produite pour les grandes surfaces françaises. Marque de distributeur ou brasserie indépendante française.
Capsule générique;1;Bière;capsule_generique.jpg;France;FR;Capsule retrouvée sur de nombreuses bières artisanales en France. 
Brasserie Dulion;1;Bière;dulion.jpg;France;FR;Brasserie artisanale française, fondée en 2013 par Christophe Bellet à Lyon puis déplacée à Rillieux-la-Pape (Rhône).
Asahi Super Dry;1;Bière;asahi_super_dry.jpg;Japon;JP;Lancée le 17 mars 1987 à Tokyo (Japon) par Asahi Breweries (fondée en 1889 à Osaka sous le nom Osaka Beer Brewing Company). Première lager sèche japonaise (« karakuchi »), elle révolutionna le marché brassicole nippon.
Britvic;1;Soda;britvic.jpg;Angleterre;ENG;Marque britannique de sodas et jus de fruits fondée en 1938 à Chelmsford (Essex, Angleterre). Britvic est aujourd'hui l'un des principaux producteurs de boissons sans alcool du Royaume-Uni.
Brown Bear;1;Bière;brown_bear.jpg;Irlande;IE;Bière artisanale irlandaise, peu d’informations disponible à ce jour.
Coca Cola orginal;3;Soda;coca_cola_original.jpg;États-Unis;US;Inventée le 8 mai 1886 à Atlanta (Géorgie, États-Unis) par le pharmacien Dr. John Pemberton. Vendue pour la première fois à la pharmacie Jacobs', à 5 cents le verre. Aujourd'hui la boisson gazeuse la plus vendue au monde.
Coca Cola zero;3;Soda;coca_cola_zero.jpg;États-Unis;US;Version sans sucre du Coca-Cola originale (créée en 1886 à Atlanta), lancée en 2005 sous le nom Coca-Cola Zero pour offrir le goût du Coca original sans calories.
Diet Coke;3;Soda;diet_coke.jpg;États-Unis;US;Boisson gazeuse sans calorie lancée le 9 juillet 1982 par The Coca-Cola Company (fondée en 1892 à Atlanta, Géorgie). Première reformulation significative de la marque Coca-Cola.
Falling Apple;1;Cidre;falling_apple.jpg;Irlande;IE;Cidre irlandais artisanal, produit à Armagh (Irlande) utilisant uniquement des pommes irlandaises.
Fanta;3;Soda;fanta.jpg;États-Unis;US;Créée en 1940 en Allemagne par Coca-Cola Deutschland (dirigé par Max Keith) à Essen, en raison de l'embargo américain sur les matières premières pendant la Seconde Guerre mondiale. La formule à l'orange connue aujourd'hui a été développée en Italie en 1955.
Heineken 0.0%;1;Bière;heineken_zero.jpg;Pays-Bas;NL;Version sans alcool de Heineken, lancée en mai 2017 aux Pays-Bas (Amsterdam) après deux ans de développement. Première grande marque mondiale à proposer une bière sans alcool de ce calibre, aujourd'hui numéro 1 mondial du segment.
MacArdle’s;1;Bière;macardles.jpg;Irlande;IE;Bière irlandaise brassée à Dundalk (comté de Louth, Irlande). MacArdle's Ale est une marque historique irlandaise, aujourd'hui produite par Diageo dans le cadre du portefeuille Guinness.
Parisis;1;Bière;parisis.jpg;France;FR;Bière artisanale française brassée à Gonesse ou dans la région parisienne (Île-de-France). Brasserie indépendante valorisant le terroir francilien.
Pepsi;2;Soda;pepsi.jpg;États-Unis;US;Inventée en 1893 à New Bern (Caroline du Nord, États-Unis) par le pharmacien Caleb Bradham sous le nom Brad's Drink, rebaptisée Pepsi-Cola en 1898. Entreprise fondée en 1902. Aujourd'hui produite par PepsiCo.
Kopparberg fraise-citron;3;Cidre;premium_kopparberg_fraise_citron.jpg;Suède;SE;Cidre aromatisé fraise-citron de Kopparbergs Bryggeri, fondée en 1882 à Kopparberg (Suède) par 36 brasseurs locaux. Relancée en 1994, la gamme de cidres fruités s'est imposée mondialement.
Kopparberg framboise-cassis;3;Cidre;premium_kopparberg_framboise_cassis.jpg;Suède;SE;Cidre aromatisé framboise-cassis de Kopparbergs Bryggeri, fondée en 1882 à Kopparberg (Suède). L'une des saveurs de la gamme de cidres fruités qui a conquis plus de 30 pays.
Rye River session IPA;1;Bière;rye_river_session_ipa.jpg;Irlande;IE;Session IPA de la Rye River Brewing Company, fondée en novembre 2013 à Celbridge (comté de Kildare, Irlande) par Tom Cronin, Niall Phelan et Alan Wolfe. Élue meilleure brasserie mondiale aux World Beer Awards 2019.
Rockshore;1;Cidre;rockshore_apple_cider.jpg;Irlande;IE;Cidre irlandais de la marque Rockshore, lancé par Diageo Ireland (groupe propriétaire de Guinness). Produit en Irlande, à base de pommes locales.
Schweppes;3;Soda;schweppes.jpg;Suisse;CH;Fondée en 1783 à Genève (Suisse) par l'horloger allemand Jacob Schweppe, qui inventa le premier procédé commercial de carbonatation de l'eau. Première boisson gazeuse au monde.
Sprite;3;Soda;sprite.jpg;Allemagne;DE;Développée en 1959 en Allemagne de l'Ouest (Cologne/Essen) sous le nom Fanta Klare Zitrone, lancée aux États-Unis en 1961 sous le nom Sprite par The Coca-Cola Company (fondée en 1892 à Atlanta) pour concurrencer le 7 Up.
Timothy Taylor’s Landlord;1;Bière;timothy_taylors_landlord.jpg;Angleterre;ENG;Pale ale brassée depuis 1858 à Keighley (West Yorkshire, Angleterre) par Timothy Taylor. La Landlord a été créée en 1952, c’est aujourd'hui la cask ale numéro 1 au Royaume-Uni, la bière la plus primée de sa catégorie.
Tyskie;1;Bière;tyskie.jpg;Pologne;PL;Lager brassée en continu depuis 1629 à Tychy (Silésie, Pologne) par la famille Promnitz, l'une des plus anciennes brasseries d'Europe. Aujourd'hui propriété d'Asahi, produite par Kompania Piwowarska.
Guinness originale;1;Bière;guinness_original.jpg;Irlande;IE;Stout emblématique brassée depuis 1759 à Dublin (Irlande) par Arthur Guinness, qui signa un bail de 9 000 ans pour la Brasserie St. James's Gate. Devenue la plus grande brasserie mondiale au XIXe siècle. Aujourd'hui propriété de Diageo.
Guiness foreign extra stout;2;Bière;guinness_foreign_extra_stout.jpg;Irlande;IE;Recette originale (West India Porter) créée en 1801 à la brasserie St. James's Gate, à Dublin, par Arthur Guinness II pour résister aux longs voyages en mer, rebaptisée Foreign Extra Stout en 1849.
Karpackie;1;Bière;karpackie_premium.jpg;Pologne;PL;Lager polonaise de la région des Carpates, produite par la brasserie Van Pur, fondée en 1994. Van Pur est devenue une référence dans le monde brassicole polonais.
Bulmer;1;Cidre;bulmer_original.jpg;Irlande;IE;Version irlandaise née en 1935 à Clonmel (comté de Tipperary), fondée par William Magner, la marque anglaise H.P. Bulmer, à l'origine du nom, avait elle été créée en 1887 à Hereford, en Angleterre.
Fentimans ginger beer;4;Soda;fentimans_ginger_beer.jpg;Angleterre;ENG;Marque fondée en 1905 à Cleckheaton (Yorkshire de l'Ouest, Angleterre) par Thomas Fentiman, qui obtint la recette en gage d'un prêt jamais remboursé. La brasserie est aujourd'hui basée à Hexham, dans le Northumberland.
O’hara’s stout;1;Bière;oharas_irish_stout.jpg;Irlande;IE;Brassée par la Carlow Brewing Company, fondée en 1996 à Bagenalstown (comté de Carlow) par les frères O’Hara, l'Irish Stout elle-même a été lancée en 1999 et a remporté une médaille d'or aux International Brewing Awards en 2000.
O’hara’s red;1;Bière;oharas_irish_red.jpg;Irlande;IE;Brassée par la Carlow Brewing Company, fondée en 1996 à Bagenalstown (comté de Carlow) par les frères O’Hara, l'Irish Red fait partie des deux toutes premières bières lancées par O'Hara, dès 1998.
O’hara’s IPA;1;Bière;ohara_irish_IPA.jpg;Irlande;IE;Brassée par la Carlow Brewing Company, fondée en 1996 à Bagenalstown (comté de Carlow) par les frères O’Hara, l'Irish Pale Ale a rejoint la gamme un peu plus tard, à mesure que la brasserie diversifiait ses styles.
Chti le Castelain 100 ans ;1;Bière;chti_castelain_100ans.jpg;France;FR;Édition anniversaire de la gamme Ch'ti produite à Bénifontaine (Pas-de-Calais, France) par la Brasserie Castelain. La brasserie a été fondée en 1926. Cette édition « 100 ans » célèbre le centenaire de la brasserie en 2026.
Nepo blonde;1;Bière;nepo_blonde_bio.jpg;France;FR;La Brasserie NEPO (“OPEN” à l’envers) est née de la volonté de produire localement des bières 100% biologiques.
Nepo blanche;1;Bière;nepo_blanche.jpg;France;FR;La Brasserie NEPO (“OPEN” à l’envers) est née de la volonté de produire localement des bières 100% biologiques.
Bourbon bière réunionnaise;1;Bière;bourbon.jpg;France;FR;Bière emblématique de l'île de La Réunion, brassée à Saint-Denis par la Brasseries de Bourbon, fondée en 1962. Surnommée localement « Dodo » en référence à l'oiseau disparu figurant sur son logo.
Lindemans Tarot noir;1;Bière;lindemans_tarot_noir.jpg;Belgique;BE;Bière fruitée de style lambic produite à Vlezenbeek (Brabant flamand, Belgique) par la brasserie Lindemans, fondée en 1822. La gamme fruitée Lindemans est réputée pour ses bières à fermentation spontanée.
Nomade catalyst of vice;1;Bière;nomade_catalyste_of_vice.jpg;France;FR;Imperial Stout brassée par la Brasserie Nomade à Mûrs-Erigné près d'Angers (France). Fondée en 2015, la brasserie est reconnue pour ses bières artisanales audacieuses et ses créations fortement houblonnées ou torréfiées.
Ter Dolen Donker;1;Bière;ter_dolen_donker.jpg;Belgique;BE;Bière brune d’abbaye brassée à Houthalen-Helchteren (Limbourg, Belgique) par la Brasserie Ter Dolen, fondée en 1994 dans un château historique datant du XVIe siècle. Cette bière de style belge forte brune est l’une des cuvées emblématiques de la brasserie.
Dubuisson fram’ bush;1;Bière;dubuisson_fram_bush.jpg;Belgique;BE;Bière fruitée créée à Pipaix (Hainaut, Belgique) par la Brasserie Dubuisson, fondée en 1769. Lancée au début des années 2000, Framboise Bush associe la Bush Ambrée à des framboises macérées, donnant une bière puissante et fruitée.
Dubuisson pêche mel’ bush;1;Bière;dubuisson_peche.jpg;Belgique;BE;Bière fruitée brassée à Pipaix (Hainaut, Belgique) par la Brasserie Dubuisson. Créée dans les années 2000, Pêche Mel' Bush est élaborée à partir de Bush Blonde et d’arômes naturels de pêche, offrant un profil doux et rafraîchissant.
Duvel tripel hop citra IPA;1;Bière;duvel_triple_hop_citra_ipa.jpg;Belgique;BE;Belgian IPA brassée à Breendonk (Belgique) par la Brasserie Duvel Moortgat, fondée en 1871. La version Tripel Hop au houblon Citra est née en 2012 et est devenue permanente en 2016 après avoir remporté un vote populaire des amateurs de bière.
Gallia East Machine Nepa;1;Bière;gallia_east_machine_nepa.jpg;France;FR;New England Pale Ale brassée à Pantin (Île-de-France) par la Brasserie Gallia, marque fondée à Paris en 1890 et relancée en 2010. East Machine met à l’honneur les houblons aromatiques avec un profil très fruité et peu amer.
Kasteel rouge originale;1;Bière;kasteel_rouge_original.jpg;Belgique;BE;ière fruitée élaborée à Ingelmunster (Flandre-Occidentale, Belgique) par la brasserie Van Honsebrouck. Lancée en 2008, elle associe la Kasteel Donker à des cerises macérées pour créer l’une des bières fruitées belges les plus populaires.
Kasteel rubus framboise;1;Bière;kasteel_rubus_framboise.jpg;Belgique;BE;Bière fruitée à la framboise brassée à Ingelmunster (Flandre-Occidentale, Belgique) par la brasserie Van Honsebrouck. Introduite en 2022, elle combine la richesse des bières Kasteel avec l’intensité aromatique de la framboise.
La Brasserie Fondamentale;1;Bière;la_brasserie_fondamentale.jpg;France;FR;Bière artisanale brassée à Paris par La Brasserie Fondamentale (LBF), fondée en 2018. La brasserie s’est spécialisée dans les bières modernes fortement houblonnées inspirées des styles américains.
Robinsons Unicorn copper ale;1;Bière;robinsons_unicorn_copper_ale.jpg;Angleterre;ENG;Copper Ale brassée à Stockport (Grand Manchester, Angleterre) par Robinsons Brewery, fondée par William Robinson en 1838. Cette ale ambrée rend hommage à la licorne présente sur les armoiries historiques de la ville.
Trappist Westmale tripel;1;Bière;trappist_westmale_tripel.jpg;Belgique;BE;Tripel trappiste brassée à l’abbaye de Westmalle à Malle (province d’Anvers, Belgique). Créée en 1934 puis modernisée en 1956, elle est considérée comme la référence historique du style Tripel belge.
La Parisienne;1;Bière;la_parisienne.jpg;France;FR;Bière artisanale brassée à Pantin (Seine-Saint-Denis, France) par la Brasserie La Parisienne, fondée en 2014. Cette brasserie indépendante met à l’honneur le savoir-faire brassicole parisien à travers une gamme de bières inspirées des styles traditionnels et modernes.
Gallia West Coast IPA;1;Bière;gallia_west_coast_IPA.jpg;France;FR;West Coast IPA brassée à Pantin (Île-de-France) par la Brasserie Gallia, marque historique fondée à Paris en 1890 et relancée en 2010. Cette IPA met en avant les houblons américains avec une amertume franche et des notes d’agrumes et de résine.
Ninkasi Blonde;1;Bière;ninkasi_blonde_jaune.jpg;France;FR;Bière blonde de la Brasserie Ninkasi, fondée en 1997 à Lyon (quartier de Gerland) par Christophe Fargier, inspiré par les microbrasseries américaines. Brassée à Tarare (Rhône) depuis 2012, elle se distingue par son équilibre entre notes maltées et légère amertume houblonnée.
Ninkasi Triple;1;Bière;ninkasi_triple_orange.jpg;France;FR;Bière triple de style belge produite par la Brasserie Ninkasi, fondée en 1997 à Lyon par Christophe Fargier. Brassée à Tarare (Rhône) depuis 2012, elle offre une robe dorée, des notes épicées et fruitées ainsi qu’une puissance alcoolique caractéristique des triples d’abbaye.
Desperados;1;Bière;desperados.jpg;France;FR;Bière aromatisée à la tequila créée en 1995 par la brasserie Fischer à Schiltigheim (Alsace, France). Première bière au monde associant les saveurs de la bière blonde et de la tequila, elle est aujourd’hui produite par le groupe Heineken et distribuée dans de nombreux pays.
Hamoud Boualem Cola;1;Soda;hamoud_boualem_cola.jpg;Algérie;DZ;Boisson gazeuse au cola produite à Alger par la société Hamoud Boualem, fondée en 1878 par Hamoud Boualem. Véritable institution en Algérie, la marque est réputée pour ses sodas historiques comme Selecto et Hamoud Cola, élaborés selon des recettes transmises depuis plusieurs générations.
Bière du Corbeau;1;Bière;biere_du_corbeau.jpg;France;FR;Bière blonde forte originaire de Lecelles (Nord, France), lancée par l’ancienne brasserie Cordier, aussi appelée brasserie du Corbeau. La marque a ensuite été relancée par Difcom, avec notamment la Mystérieuse Blonde et la Corbeau Rouge.
Fada Sunny IPA;1;Bière;fada_sunny_ipa.jpg;France;FR;Session IPA provençale brassée à Signes, près du Castellet (Var, France), par la Brasserie du Castellet. Lancée avec la marque Fada en 2018, Sunny IPA offre un profil frais et fruité, aux notes de fruits tropicaux et à l’amertume fine.
Somersby Pomme;2;Bière;somersby_pomme.jpg;Danemark;DK;Boisson alcoolisée à base de bière aromatisée pomme, vendue sous la marque Somersby du groupe Carlsberg, créée au Danemark en 2008. Cette version indique un arôme naturel de pomme avec de la bière fruitée, contrairement aux cidres Somersby classiques, distribuée en Pologne, Suisse, France and Québec.
Tsingtao Premium Lager;1;Bière;tsingtao_premium_lager.jpg;Chine;CN;Lager chinoise brassée à Qingdao (Shandong, Chine) par Tsingtao Brewery, fondée en 1903 par des marchands allemands et britanniques sous le nom Germania-Brauerei Tsingtao. Tsingtao Premium Lager est la bière phare internationale de la brasserie.
Anosteké IPA;1;Bière;anos_teke_ipa.jpg;France;FR;IPA blonde dorée brassée par la Brasserie du Pays Flamand, fondée en 2006 à Blaringhem, à la frontière de la Flandre et de l’Artois, puis développée à Merville. La gamme Anosteké est lancée en 2011 et l’IPA met en avant trois houblons américains, avec un profil fruité, floral, légèrement épicé et une amertume moderne.
Kronembourg 1664;1;Bière;kronembourg_1664.jpg;France;FR;Lager blonde premium créée en 1952 par les Brasseries Kronenbourg en Alsace, en hommage à l’année 1664 où Jérôme Hatt fonde sa première brasserie à Strasbourg. Elle est connue pour l’utilisation du houblon alsacien Strisselspalt et reste l’une des bières françaises les plus diffusées à l’international.
Liefmans on the rocks;1;Bière;liefmans_on_the_rocks.jpg;Belgique;BE;Bière fruitée belge produite à Oudenaarde par la brasserie Liefmans, dont l’histoire remonte au XVIIe siècle, souvent datée de 1679. Servie sur glace, la version « On The Rocks » correspond à Liefmans Fruitesse, un assemblage de bière mûrie sur cerises pendant 18 mois et de jus naturels de fruits rouges.
Belzebuth rouge;1;Bière;belzebuth_rouge.jpg;France;FR;Bière rouge fruitée de fermentation haute produite par la Brasserie Goudale, dans les Hauts-de-France. Belzebuth Rouge titre 8,5 % et s’inspire du cocktail Cosmopolitan, avec des notes de cranberry, d’agrumes et d’écorce d’orange amère.
La Cervoise des Ancêtres;1;Bière;la_cervoise_des_ancetres.jpg;Belgique;BE;Bière blonde triple de 9 % brassée à Oudenaarde (Belgique) par la Brasserie Roman, plus ancienne brasserie familiale belge, fondée en 1545. Légère en amertume, elle présente un profil malté, épicé et fruité évoquant les bières anciennes.
Anosteké blonde;1;Bière;anos_teke_blonde.jpg;France;FR;Belgian Strong Ale blonde brassée par la Brasserie du Pays Flamand, fondée en 2006 à Blaringhem puis développée à Merville, dans les Hauts-de-France. Lancée avec la gamme Anosteké, elle titre 8 % et se distingue par une amertume fine, une belle longueur en bouche et un profil houblonné moderne.
Coca Cola cherry;1;Soda;coca_cola_cherry.jpg;États-Unis;US;Soda au cola aromatisé cerise lancé aux États-Unis le 19 février 1985 par The Coca-Cola Company. Premier grand cola aromatisé de la marque, il s’inspire des sodas servis en fontaine avec du sirop de cerise.
Dubuisson bush triple;1;Bière;dubuisson_bush_triple.jpg;Belgique;BE;Bière blonde forte créée en 1998 à Pipaix (Hainaut, Belgique) par la Brasserie Dubuisson pour célébrer les 65 ans de la Bush Caractère. Cette triple de 10,5 % propose une alternative blonde puissante aux bières Bush historiques.
Grimbergen blanche;5;Bière;grimbergen_blanche.jpg;Belgique;BE;Bière blanche d’abbaye de la gamme Grimbergen, inspirée de l’abbaye de Grimbergen fondée en 1128 près de Bruxelles. De style wheat beer, elle présente un profil frais et épicé, dans l’esprit des bières belges blanches.
Guiness west indies porter;1;Bière;guiness_west_indies_porter.jpg;Irlande;IE;Porter irlandais de 6 % brassé à Dublin par Guinness, inspiré d’une recette consignée en 1801 à St. James’s Gate pour résister aux longs voyages vers les Caraïbes. La version moderne a été relancée en 2014 dans le cadre du Guinness Brewers Project.
Kronembourg 1664 blanche;1;Bière;kronembourg_1664_blanche.jpg;France;FR;Bière blanche française lancée en 2006 comme déclinaison de la Kronenbourg 1664. Inspirée des witbiers belges, elle associe une base de bière blanche à des notes d’agrumes et de fruits, tout en conservant l’héritage alsacien de la marque 1664.
Martha guilty rouge;1;Bière;martha_guilty_rouge.jpg;Belgique;BE;Bière rouge belge de la gamme Martha, produite par The Brew Society à Heule, près de Courtrai. La marque Martha s’inspire d’une brasseuse locale des années 1920 et Guilty Rouge propose un profil fruité et gourmand, dans une approche belge moderne.
Meteor;8;Bière;meteor.jpg;France;FR;Bière alsacienne brassée à Hochfelden par la Brasserie Meteor, dont l’origine remonte à 1640. Le nom Meteor apparaît en 1916 et la brasserie reste l’une des grandes brasseries familiales indépendantes d’Alsace.
Oasis;1;Soda;oasis.jpg;France;FR;Boisson fruitée non gazeuse créée en France en 1966 par Volvic. Initialement pensée comme une boisson à base d’eau de Volvic et de fruits, Oasis est devenue l’une des marques françaises emblématiques de sodas sans bulles.
Pelforth;2;Bière;pelforth.jpg;France;FR;Bière française originaire du Nord, issue de la Brasserie du Pélican fondée à Lille en 1921. Le nom Pelforth apparaît avec une bière de fermentation haute créée en 1937, associant « Pel » pour Pélican, « fort » pour son caractère puissant et un « h » d’inspiration anglaise.
Brasserie du Slalom blanche;1;Bière;brasserie_du_slalom_blanche.jpg;France;FR;Bière blanche artisanale brassée à La Bresse (Vosges, France) par la Brasserie du Slalom, fondée au cœur du massif vosgien. Inspirée des bières de blé traditionnelles, elle développe des notes fraîches d’agrumes et d’épices.
Paname django neipa;1;Bière;django_paname_neipa.jpg;France;FR;New England IPA brassée à Pantin (Île-de-France) par la Brasserie Paname Brewing Company, fondée en 2015 à Paris. Django met en avant les houblons aromatiques avec des notes de fruits tropicaux, une texture soyeuse et une faible amertume typique du style NEIPA.
Kronembourg 1664 (loup);2;Bière;kronembourg_1664_loup.jpg;France;FR;Lager blonde premium issue de la gamme 1664, marque créée en 1952 en hommage à l’année 1664, date de fondation de la première brasserie Hatt à Strasbourg. Cette édition arbore un visuel de loup dans le cadre d’une série de designs spéciaux de la marque.
La Cuvée des Trolls blonde (profil);1;Bière;la_cuvee_des_trolls.jpg;Belgique;BE;Bière blonde belge brassée à Buissenal (Hainaut, Belgique) par la Brasserie Dubuisson. Créée en 2000, elle se distingue par l’utilisation d’écorces d’orange séchées et son univers inspiré des légendes de trolls. Troll de profil.
Skoll;3;Bière;skoll.jpg;France;FR;Bière aromatisée à la vodka lancée en France en 2000 par les Brasseries Kronenbourg. Inspirée de l’univers nordique et du dieu-loup Sköll, elle associe bière blonde, vodka et arômes d’agrumes dans un style rafraîchissant destiné à un public jeune.
Super Bock groseille;6;Bière;super_bock_groseille.jpg;Portugal;PT;Boisson aromatisée à base de bière de la marque Super Bock, brassée à Leça do Balio près de Porto par Unicer, fondée en 1927. Cette version à la groseille associe une base de bière légère à des notes fruitées acidulées destinées à une consommation rafraîchissante.
Brooklyn Brewery hoppy lager 0.4%;2;Bière;brooklyn_brewery_hoppy_lager_zero.jpg;États-Unis;US;Lager sans alcool houblonnée de Brooklyn Brewery, brasserie fondée en 1988 dans le quartier de Brooklyn à New York. Commercialisée sous le nom Brooklyn Special Effects, cette bière à 0,4 % est brassée avec plusieurs malts et houblonnée à cru avec des variétés aromatiques comme Citra et Amarillo, pour un profil malté, résineux et agréablement amer.
La Cuvée des Trolls blonde (simple);1;Bière;la_cuvee_des_trolls_texte.jpg;Belgique;BE;Bière blonde belge brassée à Buissenal (Hainaut, Belgique) par la Brasserie Dubuisson. Créée en 2000, elle se distingue par l’utilisation d’écorces d’orange séchées et son univers inspiré des légendes de trolls. Texte stylisé.
La Cuvée des Trolls blonde (index);1;Bière;la_cuvee_des_trolls_index.jpg;Belgique;BE;Bière blonde belge brassée à Buissenal (Hainaut, Belgique) par la Brasserie Dubuisson. Créée en 2000, elle se distingue par l’utilisation d’écorces d’orange séchées et son univers inspiré des légendes de trolls. Troll pointant son index.
Ninkasi IPA;1;Bière;ninkasi_ipa_vert.jpg;France;FR;IPA française produite par la Brasserie Ninkasi, fondée en 1997 dans le quartier de Gerland à Lyon par Christophe Fargier. Aujourd’hui brassée à Tarare dans le Rhône, elle met en avant des houblons français, notamment alsaciens, avec un profil fruité, épicé et une amertume nette et équilibrée.
St Stefanus Blonde;1;Bière;st_stefanus_dessin.jpg;Belgique;BE;Bière blonde d’abbaye brassée à Ertvelde, près de Gand, par la Brasserie Van Steenberge. La mention « Anno 1295 » rappelle la fondation de l’ordre augustinien de Saint-Étienne à Gand et sa tradition brassicole, tandis que la bière actuelle est une blonde belge refermentée en bouteille au caractère fruité et épicé.
3 Monts blonde;1;Bière;trois_mont_blonde.jpg;France;FR;Bière blonde de garde créée en 1984 à Saint-Sylvestre-Cappel, en Flandre française, par la Brasserie de Saint-Sylvestre, entreprise familiale fondée en 1920. Imaginée par Pierre Ricour et ses fils François et Serge en hommage aux anciennes bières flamandes, sa recette repose sur des malts sélectionnés et une levure propre à la brasserie.
Bapbap originale;1;Bière;bapbap.jpg;France;FR;Pale Ale blonde créée à Paris par BAPBAP, brasserie indépendante fondée en 2015 dans le 11e arrondissement. Première bière sortie de ses cuves de la rue Saint-Maur, l’Originale associe des malts d’orge et de blé à un houblonnage aromatique, pour un profil doré, rond, fruité et légèrement amer.
Cath cola;1;Soda;cath_cola.jpg;France;FR;Cola artisanal landais produit par la Brasserie Cath, entreprise implantée à Labenne dans les Landes. Commercialisé dans la gamme de sodas locaux Landes Cola ou La Séquère, il est moins sucré qu’un cola classique et se distingue par une légère touche aromatique de pin.
Desperados red;1;Bière;desperados_rouge.jpg;France;FR;Déclinaison fruitée de Desperados, marque de bière aromatisée à la tequila créée en France en 1995. Desperados Red associe une base de bière blonde aux saveurs de tequila, de fruits rouges et d’agrumes, avec un caractère plus doux et fruité que la recette originale.
La Goudale;1;Bière;la_goudale.jpg;France;FR;Bière blonde de garde créée en 1994 à Douai, dans le Nord de la France, par les Brasseurs de Gayant, dont l’histoire remonte à 1919. Aujourd’hui brassée à Arques, elle tire son nom du terme médiéval « goudale », qui désignait dès le XIVe siècle une bière de bonne qualité vendue par un « goudalier ».
Leffe Ruby;1;Bière;leffe_ruby.jpg;Belgique;BE;Bière d’abbaye fruitée de la gamme Leffe, inspirée de la tradition brassicole de l’abbaye Notre-Dame de Leffe à Dinant, où le brassage est attesté depuis 1240. Cette bière rouge associe le caractère malté d’une bière d’abbaye à des arômes de fruits rouges, notamment de framboise.
Ninkasi Cidre;1;Cidre;ninkasi_cidre.jpg;France;FR;Cidre français créé par Ninkasi, maison fondée à Lyon en 1997 et connue pour ses bières, ses spiritueux et ses lieux culturels. Lancé commercialement en 2024, ce cidre élargit le savoir-faire de la marque lyonnaise aux boissons fermentées à base de pommes.
Perlembourg Panaché;1;Soda;perlembourg_panache.jpg;France;FR;Boisson faiblement alcoolisée associant bière blonde et limonade, commercialisée en France sous la marque Perlembourg. Frais, léger et citronné, ce panaché appartient à la famille des shandies et radlers, traditionnellement consommés comme alternatives moins alcoolisées à la bière.
St Feuillien blonde;1;Bière;saint_feuillien_blonde.jpg;Belgique;BE;"Bière blonde d’abbaye brassée au Rœulx, dans le Hainaut belge, par la Brasserie St-Feuillien, maison familiale fondée en 1873 par Stéphanie Friart. La mention « Anno 1125 » rappelle la fondation de l’ancienne abbaye de Saint-Feuillien ; la Blonde actuelle, déjà produite dans les années 1950, présente un caractère malté, fruité et épicé."
Tripel Karmeliet;1;Bière;tripel_karmeliet.jpg;Belgique;BE;Bière triple belge créée en 1996 à Buggenhout par la Brasserie Bosteels. Elle s’inspire d’une recette de 1679 provenant de l’ancien couvent des Carmes de Termonde et utilise trois céréales : orge, froment et avoine, qui lui donnent un profil complexe, fruité, épicé et délicatement crémeux.
Perlembourg El Tequito;1;Bière;el_tequito.jpg;France;FR;Bière aromatisée commercialisée sous la marque Perlembourg et produite en France par la Brasserie Licorne à Saverne, en Alsace. La gamme El Tequito s’inspire des boissons latino-américaines et associe une base de bière à des arômes de spiritueux et de fruits
Maredsous triple;1;Bière;maredsous.jpg;Belgique;BE;Bière triple belge associée à l’abbaye bénédictine de Maredsous, fondée en 1872 à Denée, dans la province de Namur. Brassée sous licence par Duvel Moortgat, cette bière dorée de 10 % est refermentée en bouteille et présente un profil puissant, crémeux, fruité et légèrement épicé.
La Trappe Nillis;1;Bière;trappist_nillis.jpg;Pays-Bas;NL;Bière trappiste ambrée sans alcool créée en 2021 à l’abbaye Notre-Dame de Koningshoeven, près de Tilburg, aux Pays-Bas. Première bière trappiste entièrement sans alcool au monde, Nillis titre 0,0 % et conserve un profil malté, fruité et caramélisé inspiré des ales trappistes traditionnelles.
La Cuvée des Trolls blonde (face);1;Bière;la_cuvee_des_trolls_face.jpg;Belgique;BE;Bière blonde belge brassée à Buissenal (Hainaut, Belgique) par la Brasserie Dubuisson. Créée en 2000, elle se distingue par l’utilisation d’écorces d’orange séchées et son univers inspiré des légendes de trolls. Troll de face.
Fever Tree ginger beer;1;Soda;fever_tree_premium_ginger_beer.jpg;Angleterre;ENG;Ginger beer gazeuse sans alcool de la marque britannique Fever-Tree, créée à Londres par Charles Rolls et Tim Warrillow. Elle est élaborée à partir d’un assemblage de trois gingembres provenant du Nigeria, de Cochin en Inde et de Côte d’Ivoire, qui lui apporte un caractère épicé, frais et persistant, sans être excessivement sucré.
Mort Subite lambic kriek;1;Bière;mort_subite.jpg;Belgique;BE;Kriek belge de fermentation spontanée produite par la brasserie Mort Subite dans la vallée de la Senne, région historique du lambic. Elle associe du malt d’orge, du blé, des levures sauvages, du jus concentré de cerise et des cerises fraîches, pour un profil intensément fruité suivi d’une acidité caractéristique des krieks belges.
Paix Dieu;1;Bière;paix_dieu.jpg;Belgique;BE;Bière triple belge brassée à Péruwelz, dans le Hainaut, par la Brasserie Caulier. Inspirée de la tradition des moniales cisterciennes de l’abbaye de la Paix-Dieu, elle perpétue un brassage associé aux nuits de pleine lune et présente une robe dorée voilée, une mousse crémeuse ainsi que des notes fruitées, épicées et finement houblonnées.
3 Monts ambrée;1;Bière;trois_monts_ambree.jpg;France;FR;Bière ambrée de fermentation haute brassée à Saint-Sylvestre-Cappel, en Flandre française, par la Brasserie de Saint-Sylvestre, fondée en 1920. Créée en hommage aux anciennes bières flamandes, elle développe des saveurs de malts torréfiés, de caramel brun et de fruits secs, accompagnées d’une douce amertume.
Brasserie Saint Omer;1;Bière;brasserie_saint_omer.jpg;France;FR;"Bière blonde de fermentation basse produite au cœur de Saint-Omer, dans le Pas-de-Calais, par la Brasserie de Saint-Omer. Fondée en 1866, cette brasserie familiale et indépendante est devenue l’une des plus importantes de France ; sa bière emblématique présente un profil léger, malté et rafraîchissant, accompagné d’une amertume modérée."
Dupont Tourpes bio;1;Bière;dupont_tourpes_bio.jpg;Belgique;BE;Saison blonde biologique brassée à Tourpes, dans le Hainaut belge, par la Brasserie Dupont. La ferme-brasserie produit des bières saisonnières depuis 1844 et appartient à la famille Dupont depuis 1920, cette version biologique,  lancée en 1990, développe des arômes de pamplemousse, de fleurs blanches et de girofle, avec une amertume sèche et désaltérante.
Floris passion;1;Bière;floris_passion.jpg;Belgique;BE;Bière blanche fruitée au fruit de la passion produite à Melle, près de Gand, par la Brasserie Huyghe. La mention « Anno 1654 » rappelle les premières traces d’activité brassicole sur le site, tandis que la brasserie Huyghe actuelle fut développée par Léon Huyghe au début du XXe siècle. Légère et acidulée, Floris Passion se distingue par ses arômes tropicaux de maracuja.
Ginger Joe;1;Soda;ginger_joe.jpg;Angleterre;ENG;Boisson alcoolisée pétillante au gingembre lancée au Royaume-Uni en 2011 dans la gamme Stone’s. Inspirée de Joseph « Ginger Joe » Stone, marchand londonien moustachu associé à l’histoire du vin de gingembre Stone’s, elle titre 4 % et associe une base fermentée fruitée à des arômes de gingembre doux, épicés et légèrement sucrés.
Grisette bio;1;Bière;grisette_bio.jpg;Belgique;BE;Bière blonde biologique et sans gluten brassée au Rœulx, dans le Hainaut belge, par la Brasserie St-Feuillien, maison familiale fondée en 1873. La gamme Grisette rend hommage aux jeunes ouvrières des régions minières qui auraient autrefois servi ces bières légères. Cette version se caractérise par sa fraîcheur, ses notes céréalières et son amertume délicate.
Gulden Draak red;1;Bière;gulden_draak_red.jpg;Belgique;BE;"Bière rouge fruitée de fermentation haute brassée à Ertvelde, près de Gand, par la Brasserie Van Steenberge. Déclinaison de la gamme Gulden Draak, elle titre 8 % et subit une refermentation en bouteille ; sa robe rouge et sa mousse rosée accompagnent un profil doux, sucré et intensément marqué par les fruits rouges."
Löwenbräu Münchner Hell;1;Bière;lowenbrau_munchen_hell.jpg;Allemagne;DE;Lager blonde de style Münchner Helles brassée à Munich par Löwenbräu, maison dont l’existence est attestée depuis le XIVe siècle. Claire et dorée, cette bière de fermentation basse privilégie la douceur du malt, les notes de pain et de céréales ainsi qu’une amertume légère, conformément à la tradition des Helles apparues à Munich à la fin du XIXe siècle.
Paranoia;1;Bière;paranoia_exotic.jpg;Belgique;BE;Bière belge fruitée aux saveurs exotiques produite à Melle par la Brasserie Huyghe. La mention « Anno 1654 » renvoie aux premières traces de brassage sur le site historique de la brasserie. Cette création de la gamme Paranoia associe une bière blonde à des arômes tropicaux, notamment de melon et de fruits exotiques, pour un profil doux, aromatique et rafraîchissant.
Kronembourg 1664 (QR Code);1;Bière;1664_qr_code.jpg;France;FR;Lager blonde française créée en 1952 en Alsace. Brassée avec du houblon Strisselspalt, elle présente un profil malté, légèrement fruité et modérément amer.
Brasserie du Bocq;1;Bière;brasserie_du_bocq.jpg;Belgique;BE;Bière belge produite à Purnode, dans la province de Namur, par la Brasserie du Bocq, fondée en 1858.
Flying Fish;2;Bière;flying_fish.jpg;Afrique du Sud;ZA;Bière blonde aromatisée sud-africaine lancée en 2013 par South African Breweries. Légère et rafraîchissante, elle existe notamment en versions citron et pomme verte.
Kwak brune;1;Bière;kwak_brune.jpg;Belgique;BE;Bière ambrée belge créée par la Brasserie Bosteels et inspirée de l’aubergiste Pauwel Kwak. Puissante et fruitée, elle développe des notes de caramel, d’épices et de fruits secs.
Lindemans Authentic;1;Bière;lindemans_authentic.jpg;Belgique;BE;Lambic belge de fermentation spontanée produit à Vlezenbeek par la brasserie familiale Lindemans, fondée en 1822. La mention « Authentic Lambic Brewery » désigne la brasserie plutôt qu’une référence précise.
Orval Trappist Ale;1;Bière;orval_trappist_ale.jpg;Belgique;BE;Bière trappiste belge brassée depuis 1931 à l’abbaye d’Orval, près de Florenville. Houblonnée et refermentée en bouteille, elle développe un caractère sec, fruité et évolutif.
Val Dieu rouge;1;Bière;val_dieu.jpg;Belgique;BE;Bière rouge aux fruits brassée à l’abbaye du Val-Dieu, fondée en 1216 près d’Aubel. Elle associe des arômes de cerise, de fraise et de framboise à une douceur maltée.
Chimay Pères Trappistes;1;Bière;chimay_peres_trappiste.jpg;Belgique;BE;Bière trappiste brassée à l’abbaye Notre-Dame de Scourmont près de Chimay, fondée en 1850. Les bières Chimay sont parmi les rares à porter le label officiel « Authentic Trappist Product ».
Jalisco tropical;1;Bière;jalisco_tropical.jpg;Espagne;ES;Bière aromatisée au rhum, au fruit de la passion et au citron vert, commercialisée sous la marque Jalisqo pour Auchan. Son origine de fabrication n’est pas précisée par le fabricant, elle offre un profil tropical frais et fruité.
Jupiler 0.0%;1;Bière;jupiler_zero.jpg;Belgique;BE;Bière blonde sans alcool lancée par Jupiler, marque créée en 1966 à Jupille-sur-Meuse près de Liège. Elle conserve le caractère léger et malté de la Jupiler originale sans alcool.
Lupulus;1;Bière;lupulus.jpg;Belgique;BE;Bière blonde belge brassée à Courtil, dans les Ardennes belges, par la Brasserie Lupulus fondée en 2004. Elle est réputée pour son généreux houblonnage et ses notes d'agrumes.
Queue de Charrue blanche;1;Bière;queue_de_charrue_blanche.jpg;Belgique;BE;Bière blanche belge produite par la Brasserie Vanuxeem à Ploegsteert. Inspirée des bières de blé traditionnelles, elle développe des arômes d'agrumes, de coriandre et une finale rafraîchissante.
Slash red;1;Bière;slash_red.jpg;France;FR;Bière rouge fruitée brassée en France sous la marque Slash. Elle associe une base de bière blonde à des arômes de fruits rouges pour un profil doux et rafraîchissant.
La Trappe Willis;1;Bière;trappist_witte.jpg;Pays-Bas;NL;Bière blanche trappiste brassée à l’abbaye Notre-Dame de Koningshoeven, près de Tilburg. Lancée en 2019, elle est la première bière blanche trappiste au monde, aux notes d’agrumes et d’épices.